{"cameraMode":{"drawMode":0,"name":"Shaded","section":"Shading Mode"},"sceneLighting":false,"audioPlay":false,"sceneViewState":{"showFog":true,"showMaterialUpdate":true,"showSkybox":false,"showFlares":true,"showImageEffects":true,"showParticleSystems":true},"in2DMode":false,"pivot":{"x":-3.7100000381469728,"y":24.139999389648439,"z":-6.260000228881836},"rotation":{"x":-0.17850103974342347,"y":-0.08958033472299576,"z":0.016322502866387368,"w":-0.9797568321228027},"size":5.237226486206055,"orthographic":false}