{"cameraMode":{"drawMode":0,"name":"Shaded","section":"Shading Mode"},"sceneLighting":false,"audioPlay":false,"sceneViewState":{"showFog":true,"showMaterialUpdate":true,"showSkybox":false,"showFlares":true,"showImageEffects":true,"showParticleSystems":true},"in2DMode":false,"pivot":{"x":0.0,"y":1.940000057220459,"z":-6.46999979019165},"rotation":{"x":-0.003977912478148937,"y":0.9954472184181213,"z":-0.08252374827861786,"w":-0.04779062047600746},"size":2.8578836917877199,"orthographic":false}