{"cameraMode":{"drawMode":0,"name":"Shaded","section":"Shading Mode"},"sceneLighting":true,"audioPlay":false,"sceneViewState":{"showFog":true,"showMaterialUpdate":true,"showSkybox":true,"showFlares":true,"showImageEffects":true,"showParticleSystems":true},"in2DMode":false,"pivot":{"x":39.63008117675781,"y":5.329699516296387,"z":8.700177192687989},"rotation":{"x":-0.035367295145988467,"y":-0.22530384361743928,"z":0.008185772225260735,"w":-0.9736252427101135},"size":127.10282135009766,"orthographic":false}