{"cameraMode":{"drawMode":0,"name":"Shaded","section":"Shading Mode"},"sceneLighting":true,"audioPlay":false,"sceneViewState":{"showFog":true,"showMaterialUpdate":true,"showSkybox":true,"showFlares":true,"showImageEffects":true,"showParticleSystems":true},"in2DMode":false,"pivot":{"x":1.9078221321105958,"y":-24.233144760131837,"z":18.036865234375},"rotation":{"x":-0.22481809556484223,"y":-0.021341102197766305,"z":0.004926504101604223,"w":-0.9741626381874085},"size":111.37976837158203,"orthographic":false}